wrong,right,iso,region,Landarea,iso2,Population
Guinea Bissau,Guinea-Bissau,GNB,Sub-Saharan Africa,28120,GW,1920922
Afghanistan,Afghanistan,AFG,South Asia,652860,AF,38041754
Albania,Albania,ALB,Eastern Europe and Central Asia,27400,AL,2854191
Algeria,Algeria,DZA,Middle East and North Africa,2381740,DZ,43053054
American Samoa,American Samoa,ASM,East Asia and the Pacific,200,AS,55312
Andorra,Andorra,AND,Europe,470,AD,77142
Angola,Angola,AGO,Sub-Saharan Africa,1246700,AO,31825295
Republic of Angola,Angola,AGO,Sub-Saharan Africa,1246700,AO,31825295
Anguilla,Anguilla,AIA,Latin America and Caribbean,91,AI,11430
Antigua and Barbuda,Antigua and Barbuda,ATG,Latin America and Caribbean,440,AG,97118
Antigua & Barbuda,Antigua and Barbuda,ATG,Latin America and Caribbean,440,AG,97118
Argentina,Argentina,ARG,Latin America and Caribbean,2736690,AR,44938712
Argentina Republic,Argentina,ARG,Latin America and Caribbean,2736690,AR,44938712
Armenia,Armenia,ARM,Eastern Europe and Central Asia,28470,AM,2957731
Aruba,Aruba,ABW,Latin America and Caribbean,180,AW,106314
Australia,Australia,AUS,East Asia and the Pacific,7682300,AU,25364307
AustraliaNew Zealand,Australia,AUS,East Asia and the Pacific,7682300,AU,25364307
Austria,Austria,AUT,Europe,82409,AT,8877067
Azerbaijan,Azerbaijan,AZE,Eastern Europe and Central Asia,82658,AZ,10023318
Bahrain,Bahrain,BHR,Middle East and North Africa,760,BH,1641172
Bangladesh,Bangladesh,BGD,South Asia,130170,BD,163046161
Barbados,Barbados,BRB,Latin America and Caribbean,430,BB,287025
Belarus,Belarus,BLR,Eastern Europe and Central Asia,202910,BY,9466856
Belgium,Belgium,BEL,Europe,30280,BE,11484055
belgium,Belgium,BEL,Europe,30280,BE,11484055
Belize,Belize,BLZ,Latin America and Caribbean,22810,BZ,390353
Benin,Benin,BEN,Sub-Saharan Africa,112760,BJ,11801151
Bermuda,Bermuda,BMU,North America,50,BM,63918
Bhutan,Bhutan,BTN,South Asia,38117,BT,763092
Bolivia,Bolivia,BOL,Latin America and Caribbean,1083300,BO,11513100
Bolivia (Plurinational State of),Bolivia,BOL,Latin America and Caribbean,1083300,BO,11513100
Bosnia and Herzegovina,Bosnia and Herzegovina,BIH,Eastern Europe and Central Asia,51000,BA,3301000
Bosnia & Herzegovina,Bosnia and Herzegovina,BIH,Eastern Europe and Central Asia,51000,BA,3301000
Bosnia-Herzegovina,Bosnia and Herzegovina,BIH,Eastern Europe and Central Asia,51000,BA,3301000
Botswana,Botswana,BWA,Sub-Saharan Africa,566730,BW,2303697
Brazil,Brazil,BRA,Latin America and Caribbean,8358140,BR,211049527
British Virgin Islands,British Virgin Islands,VGB,Latin America and Caribbean,151,VG,30030
"Virgin Islands, British",British Virgin Islands,VGB,Latin America and Caribbean,151,VG,30030
Brunei Darussalam,Brunei Darussalam,BRN,East Asia and the Pacific,5270,BN,433285
Brunei,Brunei Darussalam,BRN,East Asia and the Pacific,5270,BN,433285
Bulgaria,Bulgaria,BGR,Europe,108560,BG,6975761
Burkina Faso,Burkina Faso,BFA,Sub-Saharan Africa,273600,BF,20321378
Burkino Faso,Burkina Faso,BFA,Sub-Saharan Africa,273600,BF,20321378
Burundi,Burundi,BDI,Sub-Saharan Africa,25680,BI,11530580
Cambodia,Cambodia,KHM,East Asia and the Pacific,176520,KH,16486542
Cameroon,Cameroon,CMR,Sub-Saharan Africa,472710,CM,25876380
Canada,Canada,CAN,North America,9093510,CA,37589262
Cape Verde,Cape Verde,CPV,Sub-Saharan Africa,4030,CV,549935
Cabo Verde,Cape Verde,CPV,Sub-Saharan Africa,4030,CV,549935
Cayman Islands,Cayman Islands,CYM,Latin America and Caribbean,240,KY,64948
Central African Republic,Central African Republic,CAF,Sub-Saharan Africa,622980,CF,4745185
Chad,Chad,TCD,Sub-Saharan Africa,1259200,TD,15946876
Chile,Chile,CHL,Latin America and Caribbean,743532,CL,18952038
China mainland,China,CHN,East Asia and the Pacific,9388211,CN,1397715000
China,China,CHN,East Asia and the Pacific,9388211,CN,1397715000
Peoples Rep of China,China,CHN,East Asia and the Pacific,9388211,CN,1397715000
"China, mainland",China,CHN,East Asia and the Pacific,9388211,CN,1397715000
China (Peoples Republic of),China,CHN,East Asia and the Pacific,9388211,CN,1397715000
Colombia,Colombia,COL,Latin America and Caribbean,1109500,CO,50339443
Comoros,Comoros,COM,Sub-Saharan Africa,1861,KM,850886
Congo,Congo,COG,Sub-Saharan Africa,341500,CG,5380508
"Congo, Rep.",Congo,COG,Sub-Saharan Africa,341500,CG,5380508
"Congo, Rep",Congo,COG,Sub-Saharan Africa,341500,CG,5380508
Republic of Congo,Congo,COG,Sub-Saharan Africa,341500,CG,5380508
Rpublique du Congo,Congo,COG,Sub-Saharan Africa,341500,CG,5380508
Congo; Republic of the,Congo,COG,Sub-Saharan Africa,341500,CG,5380508
Congo (Brazzaville),Congo,COG,Sub-Saharan Africa,341500,CG,5380508
Cook Islands,Cook Islands,COK,East Asia and the Pacific,236,CK,19342
Costa Rica,Costa Rica,CRI,Latin America and Caribbean,51060,CR,5047561
costa-rica,Costa Rica,CRI,Latin America and Caribbean,51060,CR,5047561
Costa-Rica,Costa Rica,CRI,Latin America and Caribbean,51060,CR,5047561
Cote d'Ivoire,Cote d'Ivoire,CIV,Sub-Saharan Africa,318000,CI,25716544
Cte dIvoire,Cote d'Ivoire,CIV,Sub-Saharan Africa,318000,CI,25716544
Cote dIvoire,Cote d'Ivoire,CIV,Sub-Saharan Africa,318000,CI,25716544
Ivory Coast,Cote d'Ivoire,CIV,Sub-Saharan Africa,318000,CI,25716544
Cote dIvoire (IvoryCoast),Cote d'Ivoire,CIV,Sub-Saharan Africa,318000,CI,25716544
C<81><e6><ed>쌢te d'Ivoire,Cote d'Ivoire,CIV,Sub-Saharan Africa,318000,CI,25716544
Croatia,Croatia,HRV,Eastern Europe and Central Asia,55960,HR,4067500
Cuba,Cuba,CUB,Latin America and Caribbean,106440,CU,11333483
Curacao,Curacao,CUW,Latin America and Caribbean,444,CW,157538
Curaao,Curacao,CUW,Latin America and Caribbean,444,CW,157538
Cyprus,Cyprus,CYP,Europe,9240,CY,1198575
Czech Republic,Czech Republic,CZE,Europe,77230,CZ,10669709
Czech Republic,Czech Republic,CZE,Europe,77230,CZ,10669709
Czechoslovakia,Czech Republic,CZE,Europe,77230,CZ,10669709
Dem. Rep. Congo,Dem. Rep. Congo,COD,Sub-Saharan Africa,2267050,CD,86790567
"Congo, Dem. Rep.",Dem. Rep. Congo,COD,Sub-Saharan Africa,2267050,CD,86790567
Democratic Republic of the Congo,Dem. Rep. Congo,COD,Sub-Saharan Africa,2267050,CD,86790567
Dem Rep of Congo,Dem. Rep. Congo,COD,Sub-Saharan Africa,2267050,CD,86790567
"Congo, Dem Rep",Dem. Rep. Congo,COD,Sub-Saharan Africa,2267050,CD,86790567
"Congo, DemRep",Dem. Rep. Congo,COD,Sub-Saharan Africa,2267050,CD,86790567
"Congo, Democratic Republic",Dem. Rep. Congo,COD,Sub-Saharan Africa,2267050,CD,86790567
Congo; Democratic Republic of the (Formerly Zaire),Dem. Rep. Congo,COD,Sub-Saharan Africa,2267050,CD,86790567
Congo (Kinshasa),Dem. Rep. Congo,COD,Sub-Saharan Africa,2267050,CD,86790567
Democratic Republic of Congo,Dem. Rep. Congo,COD,Sub-Saharan Africa,2267050,CD,86790567
Denmark,Denmark,DNK,Europe,42430,DK,5818553
Djibouti,Djibouti,DJI,Sub-Saharan Africa,23180,DJ,973560
Dominica,Dominica,DMA,Latin America and Caribbean,750,DM,71808
Commonwealth of Dominica,Dominica,DMA,Latin America and Caribbean,750,DM,71808
Dominican Republic,Dominican Republic,DOM,Latin America and Caribbean,48320,DO,10738958
Ecuador,Ecuador,ECU,Latin America and Caribbean,248360,EC,17373662
Equador,Ecuador,ECU,Latin America and Caribbean,248360,EC,17373662
Egypt,Egypt,EGY,Middle East and North Africa,995450,EG,100388073
"Egypt, Arab Rep.",Egypt,EGY,Middle East and North Africa,995450,EG,100388073
"Egypt, Arab Rep",Egypt,EGY,Middle East and North Africa,995450,EG,100388073
El Salvador,El Salvador,SLV,Latin America and Caribbean,20720,SV,6453553
Equatorial Guinea,Equatorial Guinea,GNQ,Sub-Saharan Africa,28050,GQ,1355986
Eritrea,Eritrea,ERI,Sub-Saharan Africa,101000,ER,6333135
Estonia,Estonia,EST,Europe,42390,EE,1326590
Ethiopia,Ethiopia,ETH,Sub-Saharan Africa,1000000,ET,112078730
Ethiopia PDR,Ethiopia,ETH,Sub-Saharan Africa,1000000,ET,112078730
European Union,European Union,,,NA,,447512041
Faeroe Islands,Faeroe Islands,FRO,Europe,1396,FO,48678
Faroe Islands,Faeroe Islands,FRO,Europe,1396,FO,48678
Falkland Islands,Falkland Islands,FLK,Latin America and Caribbean,12173,FK,2955
Falkland Islands (Malvinas),Falkland Islands,FLK,Latin America and Caribbean,12173,FK,2955
Falkland Islands [Islas Malvinas],Falkland Islands,FLK,Latin America and Caribbean,12173,FK,2955
Falkland Islands (Islas Malvinas),Falkland Islands,FLK,Latin America and Caribbean,12173,FK,2955
Fiji,Fiji,FJI,East Asia and the Pacific,18270,FJ,889953
Finland,Finland,FIN,Europe,303890,FI,5520314
France,France,FRA,Europe,547561,FR,67059887
france,France,FRA,Europe,547561,FR,67059887
French Guiana,French Guiana,GUF,Latin America and Caribbean,83534,GF,231167
French Guyana,French Guiana,GUF,Latin America and Caribbean,83534,GF,231167
French Polynesia,French Polynesia,PYF,East Asia and the Pacific,3660,PF,279287
Gabon,Gabon,GAB,Sub-Saharan Africa,257670,GA,2172579
Gambia; The,The Gambia,GMB,Sub-Saharan Africa,10120,GM,2347706
Georgia,Georgia,GEO,Eastern Europe and Central Asia,69490,GE,3720382
Germany,Germany,DEU,Europe,348540,DE,83132799
germany,Germany,DEU,Europe,348540,DE,83132799
Ghana,Ghana,GHA,Sub-Saharan Africa,227540,GH,30417856
Gibraltar,Gibraltar,GIB,Europe,6,GI,33701
Greece,Greece,GRC,Europe,128900,GR,10716322
Greenland,Greenland,GRL,North America,410450,GL,56225
Grenada,Grenada,GRD,Latin America and Caribbean,340,GD,112003
Guadeloupe,Guadeloupe,GLP,Latin America and Caribbean,1705,GP,27495
Guam,Guam,GUM,East Asia and the Pacific,540,GU,167294
Guatemala,Guatemala,GTM,Latin America and Caribbean,107160,GT,16604026
Guatamala,Guatemala,GTM,Latin America and Caribbean,107160,GT,16604026
Guinea,Guinea,GIN,Sub-Saharan Africa,245720,GN,12771246
Guinea; Republic of,Guinea,GIN,Sub-Saharan Africa,245720,GN,12771246
Guinea-Bissau,Guinea-Bissau,GNB,Sub-Saharan Africa,28120,GW,1920922
Guyana,Guyana,GUY,Latin America and Caribbean,196850,GY,782766
Haiti,Haiti,HTI,Latin America and Caribbean,27560,HT,11263077
Holy See,Holy See,VAT,Europe,0,VA,409905
Holy See (Vatican),Holy See,VAT,Europe,0,VA,409905
Vatican City,Holy See,VAT,Europe,0,VA,409905
Honduras,Honduras,HND,Latin America and Caribbean,111890,HN,9746117
Hong Kong,Hong Kong,HKG,East Asia and the Pacific,1050,HK,7507400
"Hong Kong SAR, China",Hong Kong,HKG,East Asia and the Pacific,1050,HK,7507400
"China, Hong Kong SAR",Hong Kong,HKG,East Asia and the Pacific,1050,HK,7507400
"Hong Kong, China",Hong Kong,HKG,East Asia and the Pacific,1050,HK,7507400
"China, Hong Kong Special Administrative Region",Hong Kong,HKG,East Asia and the Pacific,1050,HK,7507400
Hungary,Hungary,HUN,Europe,90530,HU,9769949
Iceland,Iceland,ISL,Europe,100250,IS,361313
India,India,IND,South Asia,2973190,IN,1366417754
Indonesia,Indonesia,IDN,East Asia and the Pacific,1811570,ID,270625568
Iran,Iran,IRN,Middle East and North Africa,1628550,IR,82913906
"Iran, Islamic Rep.",Iran,IRN,Middle East and North Africa,1628550,IR,82913906
Iran (Islamic Republic of),Iran,IRN,Middle East and North Africa,1628550,IR,82913906
Islamic Rep of Iran,Iran,IRN,Middle East and North Africa,1628550,IR,82913906
"Iran, Islamic Rep",Iran,IRN,Middle East and North Africa,1628550,IR,82913906
Iraq,Iraq,IRQ,Middle East and North Africa,434320,IQ,39309783
Ireland,Ireland,IRL,Europe,68890,IE,4941444
Ireland; Republic of,Ireland,IRL,Europe,68890,IE,4941444
Isle of Man,Isle of Man,IMN,Europe,570,IM,84584
Israel,Israel,ISR,Middle East and North Africa,21640,IL,9053300
Italy,Italy,ITA,Europe,294140,IT,60297396
Jamaica,Jamaica,JAM,Latin America and Caribbean,10830,JM,2948279
Japan,Japan,JPN,East Asia and the Pacific,364560,JP,126264931
Jordan,Jordan,JOR,Middle East and North Africa,88780,JO,10101694
Kazakhstan,Kazakhstan,KAZ,Eastern Europe and Central Asia,2699700,KZ,18513930
Kenya,Kenya,KEN,Sub-Saharan Africa,569140,KE,52573973
Kiribati,Kiribati,KIR,East Asia and the Pacific,810,KI,117606
Kosovo,Kosovo,XKX,Eastern Europe and Central Asia,10887,XK,1794248
Kuwait,Kuwait,KWT,Middle East and North Africa,17820,KW,4207083
Kyrgyz Republic,Kyrgyz Republic,KGZ,Eastern Europe and Central Asia,191800,KG,6456900
Kyrgyzstan,Kyrgyz Republic,KGZ,Eastern Europe and Central Asia,191800,KG,6456900
Kyrgyz Republic,Kyrgyz Republic,KGZ,Eastern Europe and Central Asia,191800,KG,6456900
Laos,Laos,LAO,East Asia and the Pacific,230800,LA,7169455
Lao PDR,Laos,LAO,East Asia and the Pacific,230800,LA,7169455
Lao Peoples Democratic Republic,Laos,LAO,East Asia and the Pacific,230800,LA,7169455
Lao People's Democratic Republic,Laos,LAO,East Asia and the Pacific,230800,LA,7169455
Latvia,Latvia,LVA,Europe,62180,LV,1912789
Lebanon,Lebanon,LBN,Middle East and North Africa,10230,LB,6855713
Lesotho,Lesotho,LSO,Sub-Saharan Africa,30360,LS,2125268
Liberia,Liberia,LBR,Sub-Saharan Africa,96320,LR,4937374
Libya,Libya,LBY,Middle East and North Africa,1759540,LY,6777452
Libyan Arab Jamahiriya,Libya,LBY,Middle East and North Africa,1759540,LY,6777452
Liechtenstein,Liechtenstein,LIE,Europe,160,LI,38019
Lithuania,Lithuania,LTU,Europe,62674,LT,2786844
Luxembourg,Luxembourg,LUX,Europe,2590,LU,619896
Macao,Macao,MAC,East Asia and the Pacific,29.9,MO,640445
"Macao SAR, China",Macao,MAC,East Asia and the Pacific,29.9,MO,640445
"China, Macao SAR",Macao,MAC,East Asia and the Pacific,29.9,MO,640445
Macau,Macao,MAC,East Asia and the Pacific,29.9,MO,640445
"Macau, China",Macao,MAC,East Asia and the Pacific,29.9,MO,640445
Macedonia,North Macedonia,MKD,Eastern Europe and Central Asia,25220,MK,2083459
"Macedonia, FYR",North Macedonia,MKD,Eastern Europe and Central Asia,25220,MK,2083459
TFYR Macedonia,North Macedonia,MKD,Eastern Europe and Central Asia,25220,MK,2083459
FYR of Macedonia,North Macedonia,MKD,Eastern Europe and Central Asia,25220,MK,2083459
The former Yugoslav Republic of Macedonia,North Macedonia,MKD,Eastern Europe and Central Asia,25220,MK,2083459
The former Yugoslav republic of Macedonia,North Macedonia,MKD,Eastern Europe and Central Asia,25220,MK,2083459
"Macedonia, FYR",North Macedonia,MKD,Eastern Europe and Central Asia,25220,MK,2083459
"Former Yugoslav Republic of Macedonia, the",North Macedonia,MKD,Eastern Europe and Central Asia,25220,MK,2083459
Madagascar,Madagascar,MDG,Sub-Saharan Africa,581795,MG,26969307
Malawi,Malawi,MWI,Sub-Saharan Africa,94280,MW,18628747
Malaysia,Malaysia,MYS,East Asia and the Pacific,328550,MY,31949777
Maldives,Maldives,MDV,South Asia,300,MV,530953
Mali,Mali,MLI,Sub-Saharan Africa,1220190,ML,19658031
Malta,Malta,MLT,Europe,320,MT,502653
Marshall Islands,Marshall Islands,MHL,East Asia and the Pacific,180,MH,58791
Republic of Marshall Islands,Marshall Islands,MHL,East Asia and the Pacific,180,MH,58791
Martinique,Martinique,MTQ,Latin America and Caribbean,1128,MQ,798
Mauritania,Mauritania,MRT,Sub-Saharan Africa,1030700,MR,4525696
Mauritius,Mauritius,MUS,Sub-Saharan Africa,2030,MU,1265711
Mayotte,Mayotte,MYT,Sub-Saharan Africa,374,YT,400535
Mexico,Mexico,MEX,Latin America and Caribbean,1943950,MX,127575529
Micronesia,Micronesia,FSM,East Asia and the Pacific,700,FM,113815
"Micronesia, Fed. Sts.",Micronesia,FSM,East Asia and the Pacific,700,FM,113815
Micronesia (Fed States of),Micronesia,FSM,East Asia and the Pacific,700,FM,113815
"Micronesia, Fed Sts",Micronesia,FSM,East Asia and the Pacific,700,FM,113815
Micronesia (Federated States of),Micronesia,FSM,East Asia and the Pacific,700,FM,113815
"Micronesia, Federated States of",Micronesia,FSM,East Asia and the Pacific,700,FM,113815
Federated State of Micronesia,Micronesia,FSM,East Asia and the Pacific,700,FM,113815
Federated States of Micronesia,Micronesia,FSM,East Asia and the Pacific,700,FM,113815
Micronesia; Federated States of,Micronesia,FSM,East Asia and the Pacific,700,FM,113815
Micronesia (federated States of),Micronesia,FSM,East Asia and the Pacific,700,FM,113815
Federal States of Micronesia,Micronesia,FSM,East Asia and the Pacific,700,FM,113815
Moldova,Moldova,MDA,Eastern Europe and Central Asia,32860,MD,2657637
Republic of Moldova,Moldova,MDA,Eastern Europe and Central Asia,32860,MD,2657637
Monaco,Monaco,MCO,Europe,2,MC,38964
Mongolia,Mongolia,MNG,East Asia and the Pacific,1553560,MN,3225167
Montenegro,Montenegro,MNE,Europe,13450,ME,622137
Montserrat,Montserrat,MSR,Latin America and Caribbean,103,MS,212645
Morocco,Morocco,MAR,Middle East and North Africa,446300,MA,36471769
Morocco (includes Western Sahara),Morocco,MAR,Middle East and North Africa,446300,MA,36471769
Mozambique,Mozambique,MOZ,Sub-Saharan Africa,786380,MZ,30366036
Myanmar,Myanmar,MMR,South Asia,653290,MM,54045420
Burma,Myanmar,MMR,South Asia,653290,MM,54045420
Burma (Myanmar),Myanmar,MMR,South Asia,653290,MM,54045420
Namibia,Namibia,NAM,Sub-Saharan Africa,823290,,2494530
Nauru,Nauru,NRU,East Asia and the Pacific,21,NR,12581
Nepal,Nepal,NPL,South Asia,143350,NP,28608710
Netherlands,Netherlands,NLD,Europe,33720,NL,17332850
Netherlands; Kingdom of the,Netherlands,NLD,Europe,33720,NL,17332850
netherlands,Netherlands,NLD,Europe,33720,NL,17332850
The Netherlands,Netherlands,NLD,Europe,33720,NL,17332850
New Caledonia,New Caledonia,NCL,East Asia and the Pacific,18280,NC,287800
New-Caledonia,New Caledonia,NCL,East Asia and the Pacific,18280,NC,287800
New Zealand,New Zealand,NZL,East Asia and the Pacific,263310,NZ,4917000
New Zealand,New Zealand,NZL,East Asia and the Pacific,263310,NZ,4917000
Nicaragua,Nicaragua,NIC,Latin America and Caribbean,120340,NI,6545502
Niger,Niger,NER,Sub-Saharan Africa,1266700,NE,23310715
Niger; Republic of,Niger,NER,Sub-Saharan Africa,1266700,NE,23310715
Nigeria,Nigeria,NGA,Sub-Saharan Africa,910770,NG,200963599
Niue,Niue,NIU,East Asia and the Pacific,260,NU,10086
Norfolk Island,Norfolk Island,NFK,East Asia and the Pacific,36,NF,1625
North Korea,North Korea,PRK,East Asia and the Pacific,120410,KP,25666161
"Korea, Dem. Rep.",North Korea,PRK,East Asia and the Pacific,120410,KP,25666161
Democratic Peoples Republic of Korea,North Korea,PRK,East Asia and the Pacific,120410,KP,25666161
Dem Peoples Republic of Korea,North Korea,PRK,East Asia and the Pacific,120410,KP,25666161
DPR of Korea,North Korea,PRK,East Asia and the Pacific,120410,KP,25666161
"Korea, Dem Rep",North Korea,PRK,East Asia and the Pacific,120410,KP,25666161
"Korea, Dem Rep (North)",North Korea,PRK,East Asia and the Pacific,120410,KP,25666161
"Korea, Democratic Peoples Republic of",North Korea,PRK,East Asia and the Pacific,120410,KP,25666161
"Korea, Dem. People's Rep. of",North Korea,PRK,East Asia and the Pacific,120410,KP,25666161
Korea; Democratic Peoples Republic of,North Korea,PRK,East Asia and the Pacific,120410,KP,25666161
"Korea, North",North Korea,PRK,East Asia and the Pacific,120410,KP,25666161
Northern Mariana Islands,Northern Mariana Islands,MNP,East Asia and the Pacific,460,MP,57216
Norway,Norway,NOR,Europe,365268,NO,5347896
norway,Norway,NOR,Europe,365268,NO,5347896
Oman,Oman,OMN,Middle East and North Africa,309500,OM,4974986
Pakistan,Pakistan,PAK,South Asia,770880,PK,216565318
Palau,Palau,PLW,East Asia and the Pacific,460,PW,18008
Palestine,Palestine,PSE,Middle East and North Africa,6020,PS,5052000
State of Palestine,Palestine,PSE,Middle East and North Africa,6020,PS,5052000
Palestinian Territories,Palestine,PSE,Middle East and North Africa,6020,PS,5052000
Palestina,Palestine,PSE,Middle East and North Africa,6020,PS,5052000
Occupied Palestinian Territory,Palestine,PSE,Middle East and North Africa,6020,PS,5052000
Panama,Panama,PAN,Latin America and Caribbean,74340,PA,4246439
Panam<81><e6><e4><f3>,Panama,PAN,Latin America and Caribbean,74340,PA,4246439
Papua New Guinea,Papua New Guinea,PNG,East Asia and the Pacific,452860,PG,8776109
Paraguay,Paraguay,PRY,Latin America and Caribbean,397300,PY,7044636
Peru,Peru,PER,Latin America and Caribbean,1280000,PE,32510453
Philippines,Philippines,PHL,East Asia and the Pacific,298170,PH,108116615
Pitcairn,Pitcairn,PCN,East Asia and the Pacific,5,PN,2302
Poland,Poland,POL,Europe,306220,PL,37970874
Portugal,Portugal,PRT,Europe,91590,PT,10269417
Puerto Rico,Puerto Rico,PRI,North America,8870,PR,3193694
Puerto Rico of the United States,Puerto Rico,PRI,North America,8870,PR,3193694
Qatar,Qatar,QAT,Middle East and North Africa,11610,QA,2832067
Reunion,Reunion,REU,Sub-Saharan Africa,2513,RE,48
Runion,Reunion,REU,Sub-Saharan Africa,2513,RE,48
Romania,Romania,ROU,Europe,230020,RO,19356544
Russia,Russia,RUS,Eastern Europe and Central Asia,16376870,RU,144373535
Russian Federation,Russia,RUS,Eastern Europe and Central Asia,16376870,RU,144373535
Rwanda,Rwanda,RWA,Sub-Saharan Africa,24670,RW,12626950
Saint Helena,Saint Helena,SHN,Sub-Saharan Africa,308,SH,76425
Saint Kitts and Nevis,Saint Kitts and Nevis,KNA,Latin America and Caribbean,260,KN,52823
St. Kitts and Nevis,Saint Kitts and Nevis,KNA,Latin America and Caribbean,260,KN,52823
St Kitts and Nevis,Saint Kitts and Nevis,KNA,Latin America and Caribbean,260,KN,52823
Saint Kitts & Nevis,Saint Kitts and Nevis,KNA,Latin America and Caribbean,260,KN,52823
Saint Lucia,Saint Lucia,LCA,Latin America and Caribbean,610,LC,182790
St. Lucia,Saint Lucia,LCA,Latin America and Caribbean,610,LC,182790
St Lucia,Saint Lucia,LCA,Latin America and Caribbean,610,LC,182790
Saint Martin,Saint Martin,MAF,Latin America and Caribbean,54.4,MF,38002
Saint Martin,Saint Martin,MAF,Latin America and Caribbean,54.4,MF,40733
St. Martin (French part),Saint Martin,MAF,Latin America and Caribbean,54.4,MF,38002
St. Martin (French part),Saint Martin,MAF,Latin America and Caribbean,54.4,MF,40733
St Martin (French part),Saint Martin,MAF,Latin America and Caribbean,54.4,MF,38002
St Martin (French part),Saint Martin,MAF,Latin America and Caribbean,54.4,MF,40733
Saint-Martin (French part),Saint Martin,MAF,Latin America and Caribbean,54.4,MF,38002
Saint-Martin (French part),Saint Martin,MAF,Latin America and Caribbean,54.4,MF,40733
Saint-Martin,Saint Martin,MAF,Latin America and Caribbean,54.4,MF,38002
Saint-Martin,Saint Martin,MAF,Latin America and Caribbean,54.4,MF,40733
Saint Martin,Saint Martin,MAF,Latin America and Caribbean,54.4,MF,38002
Saint Martin,Saint Martin,MAF,Latin America and Caribbean,54.4,MF,40733
Saint Pierre and Miquelon,Saint Pierre and Miquelon,SPM,North America,242,PM,5265
Saint Vincent and the Grenadines,Saint Vincent and the Grenadines,VCT,Latin America and Caribbean,390,VC,110589
St. Vincent and the Grenadines,Saint Vincent and the Grenadines,VCT,Latin America and Caribbean,390,VC,110589
St Vincent and the Grenadines,Saint Vincent and the Grenadines,VCT,Latin America and Caribbean,390,VC,110589
Saint Vincent & Grenadines,Saint Vincent and the Grenadines,VCT,Latin America and Caribbean,390,VC,110589
Saint Vincent,Saint Vincent and the Grenadines,VCT,Latin America and Caribbean,390,VC,110589
Saint Vincent/Grenadines,Saint Vincent and the Grenadines,VCT,Latin America and Caribbean,390,VC,110589
St. Vincent and Grenadine,Saint Vincent and the Grenadines,VCT,Latin America and Caribbean,390,VC,110589
Samoa,Samoa,WSM,East Asia and the Pacific,2830,WS,197097
Western Samoa,Samoa,WSM,East Asia and the Pacific,2830,WS,197097
San Marino,San Marino,SMR,Europe,60,SM,33860
Sao Tome and Principe,Sao Tome and Principe,STP,Sub-Saharan Africa,960,ST,215056
Sao Tome & Principe,Sao Tome and Principe,STP,Sub-Saharan Africa,960,ST,215056
Saudi Arabia,Saudi Arabia,SAU,Middle East and North Africa,2149690,SA,34268528
Senegal,Senegal,SEN,Sub-Saharan Africa,192530,SN,16296364
Serbia,Serbia,SRB,Eastern Europe and Central Asia,87460,RS,6944975
Former Serbia and Montenegro,Serbia,SRB,Eastern Europe and Central Asia,87460,RS,6944975
Seychelles,Seychelles,SYC,Sub-Saharan Africa,460,SC,97625
Sierra Leone,Sierra Leone,SLE,Sub-Saharan Africa,72180,SL,7813215
Singapore,Singapore,SGP,East Asia and the Pacific,700,SG,5703569
Slovakia,Slovakia,SVK,Europe,48088,SK,5454073
Slovak Republic,Slovakia,SVK,Europe,48088,SK,5454073
Slovenia,Slovenia,SVN,Europe,20140,SI,2087946
Solomon Islands,Solomon Islands,SLB,East Asia and the Pacific,27990,SB,669823
Somalia,Somalia,SOM,Sub-Saharan Africa,627340,SO,15442905
South Africa,South Africa,ZAF,Sub-Saharan Africa,1213090,ZA,58558270
South Korea,South Korea,KOR,East Asia and the Pacific,97350,KR,51709098
"Korea, Rep.",South Korea,KOR,East Asia and the Pacific,97350,KR,51709098
Republic of Korea,South Korea,KOR,East Asia and the Pacific,97350,KR,51709098
Korea,South Korea,KOR,East Asia and the Pacific,97350,KR,51709098
"Korea, Rep",South Korea,KOR,East Asia and the Pacific,97350,KR,51709098
"Korea, Rep (South)",South Korea,KOR,East Asia and the Pacific,97350,KR,51709098
"Korea, Republic of",South Korea,KOR,East Asia and the Pacific,97350,KR,51709098
"Korea, Republic",South Korea,KOR,East Asia and the Pacific,97350,KR,51709098
Korea; Republic of,South Korea,KOR,East Asia and the Pacific,97350,KR,51709098
"Korea, South",South Korea,KOR,East Asia and the Pacific,97350,KR,51709098
Korea; Republic (S. Korea),South Korea,KOR,East Asia and the Pacific,97350,KR,51709098
South Sudan,South Sudan,SSD,Middle East and North Africa,644330,SS,11062113
Republic of South Sudan,South Sudan,SSD,Middle East and North Africa,644330,SS,11062113
Spain,Spain,ESP,Europe,498800,ES,47076781
Sri Lanka,Sri Lanka,LKA,South Asia,62710,LK,21803000
Srilanka,Sri Lanka,LKA,South Asia,62710,LK,21803000
Sudan,Sudan,SDN,Middle East and North Africa,2376000,SD,42813238
Sudan (former),Sudan,SDN,Middle East and North Africa,2376000,SD,42813238
Sudan and South Sudan,Sudan,SDN,Middle East and North Africa,2376000,SD,42813238
Suriname,Suriname,SUR,Latin America and Caribbean,156000,SR,581372
Svalbard and Jan Mayen Islands,Svalbard and Jan Mayen Islands,SJM,Europe,62422,SJ,3761646
Svalbard,Svalbard and Jan Mayen Islands,SJM,Europe,62422,SJ,3761646
Svalbard and Jan Mayen,Svalbard and Jan Mayen Islands,SJM,Europe,62422,SJ,3761646
Swaziland,Swaziland,SWZ,Sub-Saharan Africa,17200,SZ,1249514
Sweden,Sweden,SWE,Europe,407340,SE,10285453
sweden,Sweden,SWE,Europe,407340,SE,10285453
Switzerland,Switzerland,CHE,Europe,39516,CH,8574832
switzerland,Switzerland,CHE,Europe,39516,CH,8574832
Syria,Syria,SYR,Middle East and North Africa,183630,SY,17070135
Syrian Arab Republic,Syria,SYR,Middle East and North Africa,183630,SY,17070135
Syrian Arab Republic,Syria,SYR,Middle East and North Africa,183630,SY,17070135
Taiwan,Taiwan,TWN,East Asia and the Pacific,36193,TW,23780000
"China, Taiwan Province of",Taiwan,TWN,East Asia and the Pacific,36193,TW,23780000
Chinese Taipei,Taiwan,TWN,East Asia and the Pacific,36193,TW,23780000
Taiwan Province of China,Taiwan,TWN,East Asia and the Pacific,36193,TW,23780000
Tajikistan,Tajikistan,TJK,Eastern Europe and Central Asia,139960,TJ,9321018
Tanzania,Tanzania,TZA,Sub-Saharan Africa,885800,TZ,58005463
United Republic of Tanzania,Tanzania,TZA,Sub-Saharan Africa,885800,TZ,58005463
United Rep of Tanzania,Tanzania,TZA,Sub-Saharan Africa,885800,TZ,58005463
United Rep. of Tanzania,Tanzania,TZA,Sub-Saharan Africa,885800,TZ,58005463
Thailand,Thailand,THA,East Asia and the Pacific,510890,TH,69625582
The Bahamas,The Bahamas,BHS,Latin America and Caribbean,10010,BS,389482
"Bahamas, The",The Bahamas,BHS,Latin America and Caribbean,10010,BS,389482
Bahamas,The Bahamas,BHS,Latin America and Caribbean,10010,BS,389482
Bahamas; The,The Bahamas,BHS,Latin America and Caribbean,10010,BS,389482
The Gambia,The Gambia,GMB,Sub-Saharan Africa,10120,GM,2347706
"Gambia, The",The Gambia,GMB,Sub-Saharan Africa,10120,GM,2347706
Gambia,The Gambia,GMB,Sub-Saharan Africa,10120,GM,2347706
Timor-Leste,Timor-Leste,TLS,East Asia and the Pacific,14870,TL,1293119
East Timor,Timor-Leste,TLS,East Asia and the Pacific,14870,TL,1293119
Timor-Leste (East Timor),Timor-Leste,TLS,East Asia and the Pacific,14870,TL,1293119
Togo,Togo,TGO,Sub-Saharan Africa,54390,TG,8082366
Tokelau,Tokelau,TKL,East Asia and the Pacific,12,TK,1383
Tonga,Tonga,TON,East Asia and the Pacific,720,TO,104494
Trinidad and Tobago,Trinidad and Tobago,TTO,Latin America and Caribbean,5130,TT,1394973
Trinidad & Tobago,Trinidad and Tobago,TTO,Latin America and Caribbean,5130,TT,1394973
Tunisia,Tunisia,TUN,Middle East and North Africa,155360,TN,11694719
Turkey,Turkey,TUR,Eastern Europe and Central Asia,769630,TR,83429615
Turkmenistan,Turkmenistan,TKM,Eastern Europe and Central Asia,469930,TM,5942089
Turks and Caicos Islands,Turks and Caicos Islands,TCA,Latin America and Caribbean,950,TC,38191
Turks and Caicas Islands,Turks and Caicos Islands,TCA,Latin America and Caribbean,950,TC,38191
Tuvalu,Tuvalu,TUV,East Asia and the Pacific,30,TV,11646
Uganda,Uganda,UGA,Sub-Saharan Africa,199810,UG,44269594
Ukraine,Ukraine,UKR,Eastern Europe and Central Asia,579320,UA,44385155
United Arab Emirates,United Arab Emirates,ARE,Middle East and North Africa,83600,AE,9770529
UAE,United Arab Emirates,ARE,Middle East and North Africa,83600,AE,9770529
United Kingdom,United Kingdom,GBR,Europe,241930,GB,66834405
United Kingdom of Great Britain and Northern Ireland,United Kingdom,GBR,Europe,241930,GB,66834405
uK,United Kingdom,GBR,Europe,241930,GB,66834405
UK,United Kingdom,GBR,Europe,241930,GB,66834405
Wales,United Kingdom,GBR,Europe,241930,GB,66834405
United States Virgin Islands,United States Virgin Islands,VIR,Latin America and Caribbean,350,VI,106631
Virgin Islands (U.S.),United States Virgin Islands,VIR,Latin America and Caribbean,350,VI,106631
Virgin Islands (US),United States Virgin Islands,VIR,Latin America and Caribbean,350,VI,106631
US Virgin Islands,United States Virgin Islands,VIR,Latin America and Caribbean,350,VI,106631
Virgin Islands; U.S.,United States Virgin Islands,VIR,Latin America and Caribbean,350,VI,106631
"Virgin Islands, U.S.",United States Virgin Islands,VIR,Latin America and Caribbean,350,VI,106631
United States of America,United States of America,USA,North America,9147420,US,328239523
United States,United States of America,USA,North America,9147420,US,328239523
us,United States of America,USA,North America,9147420,US,328239523
USA,United States of America,USA,North America,9147420,US,328239523
Uruguay,Uruguay,URY,Latin America and Caribbean,175020,UY,3461734
Uzbekistan,Uzbekistan,UZB,Eastern Europe and Central Asia,425400,UZ,33580650
Vanuatu,Vanuatu,VUT,East Asia and the Pacific,12190,VU,299882
Venezuela,Venezuela,VEN,Latin America and Caribbean,882050,VE,28515829
"Venezuela, RB",Venezuela,VEN,Latin America and Caribbean,882050,VE,28515829
Venezuela (Bolivarian Republic of),Venezuela,VEN,Latin America and Caribbean,882050,VE,28515829
Viet Nam,Viet Nam,VNM,East Asia and the Pacific,310070,VN,96462106
Vietnam,Viet Nam,VNM,East Asia and the Pacific,310070,VN,96462106
Wallis and Futuna,Wallis and Futuna,WLF,East Asia and the Pacific,142,WF,1205
Wallis and Futuna Islands,Wallis and Futuna,WLF,East Asia and the Pacific,142,WF,1205
Yemen,Yemen,YEM,Middle East and North Africa,527970,YE,29161922
"Yemen, Rep.",Yemen,YEM,Middle East and North Africa,527970,YE,29161922
"Yemen, Rep",Yemen,YEM,Middle East and North Africa,527970,YE,29161922
Zambia,Zambia,ZMB,Sub-Saharan Africa,743390,ZM,17861030
Zimbabwe,Zimbabwe,ZWE,Sub-Saharan Africa,386850,ZW,14645468
Venezuela Bolivarian Republic of,Venezuela,VEN,Latin America and Caribbean,882050,VE,28515829
Hong Kong China,Hong Kong,HKG,East Asia and the Pacific,1050,HK,7507400
C<ed><c7>te d Ivoire,Cote d'Ivoire,CIV,Sub-Saharan Africa,318000,CI,25716544
Iran Islamic Republic of,Iran,IRN,Middle East and North Africa,1628550,IR,82913906
"Korea, Dem. Rep. (North)",North Korea,PRK,East Asia and the Pacific,120410,KP,25666161
"Korea, Rep. (South)",South Korea,KOR,East Asia and the Pacific,97350,KR,51709098
Jersey,Jersey,JEY,Middle East and North Africa,NA,,NA
Guernsey,Guernsey,GGY,Europe,NA,,NA
Britain,United Kingdom,GBR,Europe,241930,GB,66834405
U.A.E,United Arab Emirates,ARE,Middle East and North Africa,83600,AE,9770529
Côte d'Ivoire,Cote d'Ivoire,CIV,Sub-Saharan Africa,318000,CI,25716544
Scotland,United Kingdom,GBR,Europe,241930,GB,66834405
Czechia,Czech Republic,CZE,Europe,77230,CZ,10669709
"Palestine, State of",Palestine,PSE,Middle East and North Africa,6020,PS,5052000
"Macedonia, The Former Yugoslav Republic Of",North Macedonia,MKD,Eastern Europe and Central Asia,25220,MK,2083459
"Macedonia, Bosnia-herzegovina",Bosnia and Herzegovina,BIH,Eastern Europe and Central Asia,51000,BA,3301000
"Moldova, Republic Of",Moldova,MDA,Eastern Europe and Central Asia,32860,MD,2657637
Gibraltar,Gibraltar,GIB,Europe,6,GI,33701
"Korea, Dem. People’s Rep.",North Korea,PRK,East Asia and the Pacific,120410,KP,25666161
Taiwan ROC,Taiwan,TWN,East Asia and the Pacific,36193,TW,23780000
Côte d’Ivoire,Cote d'Ivoire,CIV,Sub-Saharan Africa,318000,CI,25716544
"Netherlands, The",Netherlands,NLD,Europe,33720,NL,17332850
Guinea-Bissau,Guinea-Bissau,GNB,Sub-Saharan Africa,28120,GW,1920922
Angola,Angola,AGO,Sub-Saharan Africa,1246700,AO,31825295
Antigua and Barbuda,Antigua and Barbuda,ATG,Latin America and Caribbean,440,AG,97118
Argentina,Argentina,ARG,Latin America and Caribbean,2736690,AR,44938712
Australia,Australia,AUS,East Asia and the Pacific,7682300,AU,25364307
Belgium,Belgium,BEL,Europe,30280,BE,11484055
Bolivia,Bolivia,BOL,Latin America and Caribbean,1083300,BO,11513100
Bosnia and Herzegovina,Bosnia and Herzegovina,BIH,Eastern Europe and Central Asia,51000,BA,3301000
British Virgin Islands,British Virgin Islands,VGB,Latin America and Caribbean,151,VG,30030
Brunei Darussalam,Brunei Darussalam,BRN,East Asia and the Pacific,5270,BN,433285
Burkina Faso,Burkina Faso,BFA,Sub-Saharan Africa,273600,BF,20321378
Cape Verde,Cape Verde,CPV,Sub-Saharan Africa,4030,CV,549935
China,China,CHN,East Asia and the Pacific,9388211,CN,1397715000
Congo,Congo,COG,Sub-Saharan Africa,341500,CG,5380508
Costa Rica,Costa Rica,CRI,Latin America and Caribbean,51060,CR,5047561
Cote d'Ivoire,Cote d'Ivoire,CIV,Sub-Saharan Africa,318000,CI,25716544
Curacao,Curacao,CUW,Latin America and Caribbean,444,CW,157538
Czech Republic,Czech Republic,CZE,Europe,77230,CZ,10669709
Dem. Rep. Congo,Dem. Rep. Congo,COD,Sub-Saharan Africa,2267050,CD,86790567
Dominica,Dominica,DMA,Latin America and Caribbean,750,DM,71808
Ecuador,Ecuador,ECU,Latin America and Caribbean,248360,EC,17373662
Egypt,Egypt,EGY,Middle East and North Africa,995450,EG,100388073
Ethiopia,Ethiopia,ETH,Sub-Saharan Africa,1000000,ET,112078730
Faeroe Islands,Faeroe Islands,FRO,Europe,1396,FO,48678
Falkland Islands,Falkland Islands,FLK,Latin America and Caribbean,12173,FK,2955
France,France,FRA,Europe,547561,FR,67059887
French Guiana,French Guiana,GUF,Latin America and Caribbean,83534,GF,231167
The Gambia,The Gambia,GMB,Sub-Saharan Africa,10120,GM,2347706
Germany,Germany,DEU,Europe,348540,DE,83132799
Guatemala,Guatemala,GTM,Latin America and Caribbean,107160,GT,16604026
Guinea,Guinea,GIN,Sub-Saharan Africa,245720,GN,12771246
Holy See,Holy See,VAT,Europe,0,VA,409905
Hong Kong,Hong Kong,HKG,East Asia and the Pacific,1050,HK,7507400
Iran,Iran,IRN,Middle East and North Africa,1628550,IR,82913906
Ireland,Ireland,IRL,Europe,68890,IE,4941444
Kyrgyz Republic,Kyrgyz Republic,KGZ,Eastern Europe and Central Asia,191800,KG,6456900
Laos,Laos,LAO,East Asia and the Pacific,230800,LA,7169455
Libya,Libya,LBY,Middle East and North Africa,1759540,LY,6777452
Macao,Macao,MAC,East Asia and the Pacific,29.9,MO,640445
North Macedonia,North Macedonia,MKD,Eastern Europe and Central Asia,25220,MK,2083459
Marshall Islands,Marshall Islands,MHL,East Asia and the Pacific,180,MH,58791
Micronesia,Micronesia,FSM,East Asia and the Pacific,700,FM,113815
Moldova,Moldova,MDA,Eastern Europe and Central Asia,32860,MD,2657637
Morocco,Morocco,MAR,Middle East and North Africa,446300,MA,36471769
Myanmar,Myanmar,MMR,South Asia,653290,MM,54045420
Netherlands,Netherlands,NLD,Europe,33720,NL,17332850
New Caledonia,New Caledonia,NCL,East Asia and the Pacific,18280,NC,287800
Niger,Niger,NER,Sub-Saharan Africa,1266700,NE,23310715
North Korea,North Korea,PRK,East Asia and the Pacific,120410,KP,25666161
Norway,Norway,NOR,Europe,365268,NO,5347896
Palestine,Palestine,PSE,Middle East and North Africa,6020,PS,5052000
Panama,Panama,PAN,Latin America and Caribbean,74340,PA,4246439
Puerto Rico,Puerto Rico,PRI,North America,8870,PR,3193694
Reunion,Reunion,REU,Sub-Saharan Africa,2513,RE,48
Russia,Russia,RUS,Eastern Europe and Central Asia,16376870,RU,144373535
Saint Kitts and Nevis,Saint Kitts and Nevis,KNA,Latin America and Caribbean,260,KN,52823
Saint Lucia,Saint Lucia,LCA,Latin America and Caribbean,610,LC,182790
Saint Martin,Saint Martin,MAF,Latin America and Caribbean,54.4,MF,38002
Saint Martin,Saint Martin,MAF,Latin America and Caribbean,54.4,MF,40733
Saint Vincent and the Grenadines,Saint Vincent and the Grenadines,VCT,Latin America and Caribbean,390,VC,110589
Samoa,Samoa,WSM,East Asia and the Pacific,2830,WS,197097
Sao Tome and Principe,Sao Tome and Principe,STP,Sub-Saharan Africa,960,ST,215056
Serbia,Serbia,SRB,Eastern Europe and Central Asia,87460,RS,6944975
Slovakia,Slovakia,SVK,Europe,48088,SK,5454073
South Korea,South Korea,KOR,East Asia and the Pacific,97350,KR,51709098
South Sudan,South Sudan,SSD,Middle East and North Africa,644330,SS,11062113
Sri Lanka,Sri Lanka,LKA,South Asia,62710,LK,21803000
Sudan,Sudan,SDN,Middle East and North Africa,2376000,SD,42813238
Svalbard and Jan Mayen Islands,Svalbard and Jan Mayen Islands,SJM,Europe,62422,SJ,3761646
Sweden,Sweden,SWE,Europe,407340,SE,10285453
Switzerland,Switzerland,CHE,Europe,39516,CH,8574832
Syria,Syria,SYR,Middle East and North Africa,183630,SY,17070135
Taiwan,Taiwan,TWN,East Asia and the Pacific,36193,TW,23780000
Tanzania,Tanzania,TZA,Sub-Saharan Africa,885800,TZ,58005463
The Bahamas,The Bahamas,BHS,Latin America and Caribbean,10010,BS,389482
Timor-Leste,Timor-Leste,TLS,East Asia and the Pacific,14870,TL,1293119
Trinidad and Tobago,Trinidad and Tobago,TTO,Latin America and Caribbean,5130,TT,1394973
Turks and Caicos Islands,Turks and Caicos Islands,TCA,Latin America and Caribbean,950,TC,38191
United Arab Emirates,United Arab Emirates,ARE,Middle East and North Africa,83600,AE,9770529
United Kingdom,United Kingdom,GBR,Europe,241930,GB,66834405
United States Virgin Islands,United States Virgin Islands,VIR,Latin America and Caribbean,350,VI,106631
United States of America,United States of America,USA,North America,9147420,US,328239523
Venezuela,Venezuela,VEN,Latin America and Caribbean,882050,VE,28515829
Viet Nam,Viet Nam,VNM,East Asia and the Pacific,310070,VN,96462106
Wallis and Futuna,Wallis and Futuna,WLF,East Asia and the Pacific,142,WF,1205
Yemen,Yemen,YEM,Middle East and North Africa,527970,YE,29161922
"Taiwan, Greater China Taiwan",Taiwan,TWN,East Asia and the Pacific,36193,TW,23780000
"China, People's Republic of",China,CHN,East Asia and the Pacific,9388211,CN,1397715000
"Congo, Dem. Rep. of the",Dem. Rep. Congo,COD,Sub-Saharan Africa,2267050,CD,86790567
"Congo, Republic of",Congo,COG,Sub-Saharan Africa,341500,CG,5380508
Hong Kong SAR,Hong Kong,HKG,East Asia and the Pacific,1050,HK,7507400
Lao P.D.R.,Laos,LAO,East Asia and the Pacific,230800,LA,7169455
Macao SAR,Macao,MAC,East Asia and the Pacific,29.9,MO,640445
"Micronesia, Fed. States of",Micronesia,FSM,East Asia and the Pacific,700,FM,113815
"South Sudan, Republic of",South Sudan,SSD,Middle East and North Africa,644330,SS,11062113
São Tomé and Príncipe,Sao Tome and Principe,STP,Sub-Saharan Africa,960,ST,215056
"Türkiye, Republic of",Turkey,TUR,Eastern Europe and Central Asia,769630,TR,83429615
Eswatini,Swaziland,SWZ,Sub-Saharan Africa,17200,SZ,1249514
The Bahamas (the),The Bahamas,BHS,Latin America and Caribbean,10010,BS,389482
Cayman Islands (the),Cayman Islands,CYM,Latin America and Caribbean,240,KY,64948
Central African Republic (the),Central African Republic,CAF,Sub-Saharan Africa,622980,CF,4745185
Comoros (the),Comoros,COM,Sub-Saharan Africa,1861,KM,850886
Congo (the Democratic Republic of the),Dem. Rep. Congo,COD,Sub-Saharan Africa,2267050,CD,86790567
Congo (the),Congo,COG,Sub-Saharan Africa,341500,CG,5380508
Cook Islands (the),Cook Islands,COK,East Asia and the Pacific,236,CK,19342
Curaçao,Curacao,CUW,Latin America and Caribbean,444,CW,157538
Dominican Republic (the),Dominican Republic,DOM,Latin America and Caribbean,48320,DO,10738958
Falkland Islands (the) [Malvinas],Falkland Islands,FLK,Latin America and Caribbean,12173,FK,2955
Faroe Islands (the),Faeroe Islands,FRO,Europe,1396,FO,48678
Gambia (the),The Gambia,GMB,Sub-Saharan Africa,10120,GM,2347706
Holy See (the),Holy See,VAT,Europe,0,VA,409905
Korea (the Democratic People's Republic of),North Korea,PRK,East Asia and the Pacific,120410,KP,25666161
Korea (the Republic of),South Korea,KOR,East Asia and the Pacific,97350,KR,51709098
Lao People's Democratic Republic (the),Laos,LAO,East Asia and the Pacific,230800,LA,7169455
Marshall Islands (the),Marshall Islands,MHL,East Asia and the Pacific,180,MH,58791
Moldova (the Republic of),Moldova,MDA,Eastern Europe and Central Asia,32860,MD,2657637
Netherlands (the),Netherlands,NLD,Europe,33720,NL,17332850
Niger (the),Niger,NER,Sub-Saharan Africa,1266700,NE,23310715
Northern Mariana Islands (the),Northern Mariana Islands,MNP,East Asia and the Pacific,460,MP,57216
Philippines (the),Philippines,PHL,East Asia and the Pacific,298170,PH,108116615
Russian Federation (the),Russia,RUS,Eastern Europe and Central Asia,16376870,RU,144373535
Réunion,Reunion,REU,Sub-Saharan Africa,2513,RE,48
"Saint Helena, Ascension and Tristan da Cunha",Saint Helena,SHN,Sub-Saharan Africa,308,SH,76425
Saint Martin (French part),Saint Martin,MAF,Latin America and Caribbean,54.4,MF,38002
Sudan (the),Sudan,SDN,Middle East and North Africa,2376000,SD,42813238
Syrian Arab Republic (the),Syria,SYR,Middle East and North Africa,183630,SY,17070135
Taiwan (Province of China),Taiwan,TWN,East Asia and the Pacific,36193,TW,23780000
"Tanzania, the United Republic of",Tanzania,TZA,Sub-Saharan Africa,885800,TZ,58005463
Turks and Caicos Islands (the),Turks and Caicos Islands,TCA,Latin America and Caribbean,950,TC,38191
Türkiye,Turkey,TUR,Eastern Europe and Central Asia,769630,TR,83429615
United Arab Emirates (the),United Arab Emirates,ARE,Middle East and North Africa,83600,AE,9770529
United Kingdom of Great Britain and Northern Ireland (the),United Kingdom,GBR,Europe,241930,GB,66834405
United States of America (the),United States of America,USA,North America,9147420,US,328239523
Virgin Islands (British),British Virgin Islands,VGB,Latin America and Caribbean,151,VG,30030
Bahamas (the),The Bahamas,BHS,Latin America and Caribbean,10010,BS,389482
Democratic People's Republic of Korea,North Korea,PRK,East Asia and the Pacific,120410,KP,25666161
United Arab Emirates (UAE),United Arab Emirates,ARE,Middle East and North Africa,83600,AE,9770529
United Kingdom (UK),United Kingdom,GBR,Europe,241930,GB,66834405
United States of America (USA),United States of America,USA,North America,9147420,US,328239523
European Union (EU),European Union,,,NA,,447512041
